ATTIVITA;DOVE;RAGIONE SOCIALE; INDIRIZZO;PROVINCIA;COMUNE;CAP;CODLOC;TELEFONO;WHATSAPP;EMAIL;SITO INTERNET;DETAILS LINK
fotovoltaico;;Edison S.p.a.;Foro Buonaparte, 31;MI;Milano;20121;51557;02 62221;;noreply@edison.it;http://www.edison.it;https://www.paginegialle.it/edisonspa
fotovoltaico;;Balocca Geom. Nicola Studio Tecnico;Via Ogliaro, 92;BI;Brusnengo;13862;19730;015 985919, 348 4027536;348 4027536;geom.balocca@libero.it;https://www.studiotecnicobalocca.it;https://www.paginegialle.it/baloccanicolageometra
fotovoltaico;;A.B.C.;Via Europa, 17/19;CR;Tornata;26030;84640;0375 97685;;info@abc-sicurezza.it;https://www.a-b-c-tornata.it;https://www.paginegialle.it/abc-sicurezza-tornata
fotovoltaico;;Ecocalor;Via Valeriana, 14;SO;Piateda;23020;62960;0342 370102;;ecocalorsrl@gmail.com;https://ecocalor.michelettigroup.it/contatti/;https://www.paginegialle.it/ecocalor-so
fotovoltaico;;Betv Impianti;Via Piave, 15;CO;Novedrate;22060;57690;031 781598;031 781598;info@betvimpianti.it;https://www.betvimpianti.com;https://www.paginegialle.it/betvimpianti-figinoserenza-co
fotovoltaico;;Zorzi Impianti - Impianti Elettrici - Domotica;Via Guido Rossa, 39;PD;Ponte San Nicolò;35020;65410;049 8962705, 049 8968201, 348 4466072;348 4466072;info@zorzi.it;http://www.zorzi.it;https://www.paginegialle.it/zorziimpiantielettricipadova
fotovoltaico;;B.B. System;Via San Marco, 11;TN;Ledro;38067;11157;347 4925873;347 4925873;info@bbsystem.tn.it;https://www.bbsystemledro.it;https://www.paginegialle.it/impiantielettricibbsystem
fotovoltaico;;Ciesse Intermediazioni;Via De Gasperi, 21;AQ;Sulmona;67039;82760;0864 54049, 0864 54048, 0864 34648;;info@ciesse.net;http://www.ciesse.net;https://www.paginegialle.it/ciesseintermediazioni
fotovoltaico;;Steger Manfred Impianti Termo Sanitari;Frazione Palù, 41;BZ;San Lorenzo di Sebato;39030;75180;348 8540997;348 8540997;info@stegermanfred.com;https://www.idraulicosteger.it;https://www.paginegialle.it/stegermanfred
fotovoltaico;;Marchesotti Idrotermica;Via dell'Industria, 9/A;CO;Montano Lucino;22070;53340;031 471817;;info@idromarchesotti.it;http://www.idromarchesotti.it;https://www.paginegialle.it/marchesottisrl
fotovoltaico;;Stc Power;Via Dragoni, 59;FC;Forlì;47122;39250;0543 411411;;stcgroup@stcgroup.it, stcpower@stcgroup.it;http://www.stcpower.com;https://www.paginegialle.it/stcspa
fotovoltaico;;Energia Futura;Largo Neruda Pablo, 6;MC;Civitanova Marche;62012;32020;0734 511264;;info@energia-futura.eu;https://www.energia-futura.eu/;https://www.paginegialle.it/energiafutura
fotovoltaico;;M.Z. Impianti Elettrici e Fotovoltaici;Via 24 Maggio, 26;PN;Aviano;33081;14221;348 7400091, 348 7400092;348 7400091, 348 7400092;info@mzimpiantifotovoltaici.it;http://www.mzimpiantifotovoltaici.it;https://www.paginegialle.it/impianti-elettrici-mz-impianti-fotovoltaici-aviano
fotovoltaico;;Grandolfi Giancarlo Impianti Elettrici;Via Salvador Allende, 43;BO;Borgo Tossignano;40021;18340;0542 90107, 335 332955;335 332955;giancarlo.grandolfi@virgilio.it;https://www.impiantitecnologicibologna.it;https://www.paginegialle.it/grandolfi-giancarlo-impianti-elettrici-bo
fotovoltaico;;G.F. Narcisi;Via Nazionale, 310;TE;Castelnuovo Vomano;64020;26710;0861 570394;;info@gfnarcisi.it;https://www.energiasemplice.com;https://www.paginegialle.it/gfnarcisi
fotovoltaico;;Garbiero Professionisti del Comfort Abitativo;Via Eritrea, 14/B;VC;Vercelli;13100;89040;0161 212204;;info@garbierogiuseppe.it;https://www.garbierogiuseppe.it/comfort-abitativo-vercelli/;https://www.paginegialle.it/garbierogiuseppevc
fotovoltaico;;Sprae Soluzioni Energetiche;Via 11 Settembre, 15;CN;Borgo San Dalmazzo;12011;18250;0171 260644;;info@sprae.net;http://www.sprae.net/;https://www.paginegialle.it/sprae-borgo-san-dalmazzo-cuneo
fotovoltaico;;P.R. Elettronica;Via 9 Agosto, 20/1;GO;Gorizia;34170;42620;0481 547424, 339 5935801;339 5935801;pr.elettronica@libero.it;https://www.prelettronicagorizia.it;https://www.paginegialle.it/pr-elettronica-antenne-gorizia
fotovoltaico;;Elettro Automazioni;Viale Paganini Nicolo', 31;BO;Argelato;40050;13210;051 862169, 338 2197850;338 2197850;elettroautomazioni@gmail.com;https://www.elettroautomazioni.it;https://www.paginegialle.it/elettroautomazionisrls
fotovoltaico;;Ligurcalor;Via Orsini, 66/R;GE;Genova;16146;41535;010 314861, 393 8107885;393 8107885;info@ligurcalor.it;http://www.ligurcalor.it/;https://www.paginegialle.it/ligurcalorsrlgenova
fotovoltaico;;Ener Globo;Via Nazionale, 74;FM;Fermo;63900;37960;0734 643171, 328 6476317, 393 9781471;328 6476317, 393 9781471;;https://energlobo.it/;https://www.paginegialle.it/fotovoltaicoenerglobo-impianti-solari-fm
fotovoltaico;;Asteco;Zona Artigianale, D/1;MT;Policoro;75025;64760;0835 980232;;info@astecosrl.com;https://www.astecosrl.com/;https://www.paginegialle.it/impianti-elettrici-asteco-policoro-matera
fotovoltaico;;Idraulica Menatti;Via Singella, 19;SO;Cedrasco;23010;29130;0342 492371, 339 8601625;339 8601625;info@idraulicamenatti.it;http://www.idraulicamenatti.it;https://www.paginegialle.it/idraulicamenatti
fotovoltaico;;Company Network;Via del Giordano, 30;RM;Roma;00144;70464;06 45259080, 345 5970651;345 5970651;contact@company-network.net;https://company-network.net/;https://www.paginegialle.it/company-network-roma
fotovoltaico;;Impianti Pasetti Franco;Via Premana, 19;MN;Gazoldo degli Ippoliti;46040;41370;0376 657892;;info@francopasetti.it;http://www.francopasetti.it;https://www.paginegialle.it/pasettifranco-mn
fotovoltaico;;Evolutions energy;Piazza San Barnaba, 14;RM;Marino;00047;49580;348 5231895;348 5231895;;https://www.evolutionsenergy.it/;https://www.paginegialle.it/evolutions-energy-di-martina-rosi
fotovoltaico;;Borsini Impianti;Via Nove, 2;FI;Montelupo Fiorentino;50056;54410;339 7841217, 0571 51365;339 7841217;borsini@borsiniimpianti.com;http://www.borsiniimpianti.com;https://www.paginegialle.it/borsini-impianti
fotovoltaico;;Edilizia Alba s.r.l.;Via Poli, 12;RM;Guidonia Montecelio;00012;43940;348 2977712;348 2977712;edilizia.alba@gmail.com;https://www.ediliziaalba.com;https://www.paginegialle.it/ediliziaalbasrl-guidoniamontecelio
fotovoltaico;;Buosi Impianti;Via Senatore Fabbri, 14/E;TV;Spresiano;31027;82170;0422 887389, 348 3831990;348 3831990;info@buosiivano.com;http://www.buosiivano.com;https://www.paginegialle.it/impianti-elettrici-buosi-impianti-spresiano
fotovoltaico;;Elektro Riegler Srl;Via della Visitazione, 26/C;BZ;Bolzano;39100;17560;0471 502949, 335 6069069;335 6069069;info@elektroriegler.it;http://www.elektroriegler.it;https://www.paginegialle.it/elektroriegler
fotovoltaico;;Elettrica Service;Via Rocca, 4C;BG;Presezzo;24030;66900;035 782963, 338 6172333;338 6172333;info@elettricaservice.it;https://www.elettricaservice.it;https://www.paginegialle.it/elettircaserviceimpiantifotovoltaici
fotovoltaico;;Saper;Via Mazzini, 21;TV;Caerano di San Marco;31031;20490;0423 650070;;info@saper.it;http://www.saper.it;https://www.paginegialle.it/sapercaeranodisanmarco-tv
fotovoltaico;;Urano Energie;Via Turati, 14/E;FM;Monte Urano;63813;55180;0734 841998, 377 3683841;377 3683841;info@uranoenergie.it;http://www.uranoenergie.it;https://www.paginegialle.it/uranoenergie
fotovoltaico;;Termoidraulica Preo Paolo;Viale della Rimembranza, 1;VE;Salzano;30030;72330;041 5461191, 337 526769;337 526769;paolopreo@virgilio.it;http://termoidraulicapreo.it/servizi/;https://www.paginegialle.it/paolo-preo-ve
fotovoltaico;;Get Impianti Elettrici;Via Madre Teresa di Calcutta, 20;LO;Guardamiglio;26862;43740;338 6094743;338 6094743;fogliazza.pierluigi@libero.it;https://www.getimpiantielettrici.it;https://www.paginegialle.it/getimpiantielettriciml
fotovoltaico;;Temi Energy Sistemi Fotovoltaici;Via Provinciale C. da Riposo;RC;Locri;89044;47060;0964 390229;;amministrazione.temienergy@gmail.com;http://www.temienergy.it;https://www.paginegialle.it/temienergydimurdaca
fotovoltaico;;T.E. Impianti;Via degli Angeli, 191;RM;Roma;00175;70464;345 2435590;345 2435590;t.e.impianti@tiscali.it;;https://www.paginegialle.it/te-impianti-roma
fotovoltaico;;Edil Vita;Via Fratelli Bandiera, 8;VC;Vercelli;13100;89040;366 3423795;366 3423795;arturo.pomati@edilvitasrl.com;https://www.edil-vita.com/;https://www.paginegialle.it/edil-vita-vercelli
fotovoltaico;;Edilspecial;Via delle Alpi, 8;PA;Palermo;90144;60352;091 581937, 091 6014502, 091 588921;;info@edilspecial.it;http://www.edilspecial.it;https://www.paginegialle.it/edilspecial-pa
fotovoltaico;;Gruppo Gironi;Via Emilia, 325/b;BO;Idice;40068;75060;051 6258539, 334 3371262;334 3371262;info@gruppogironi.it;https://www.caminettibologna.com;https://www.paginegialle.it/gruppogironisanlazzarodisavena
fotovoltaico;;Vita Services;Via Milano, 173;BI;Vigliano Biellese;13856;90010;331 2416886;331 2416886;;https://www.vitaservices.it;https://www.paginegialle.it/vitaservices-riscaldamento-bi
fotovoltaico;;Esse. Ti Progettazioni di ing. Fabio Vanin;Via Arturo Toscanini, 34;VE;Jesolo;30016;44850;0421 381603, 349 4997658;349 4997658;info@essetiprogettazioni.it;https://it-it.facebook.com/essetiprogettazioni/;https://www.paginegialle.it/esse-ti-progettazioni-jesolo
fotovoltaico;;Elettra Muris Sas Impianti Elettrici;Via Saluzzo, 20;TO;Pinerolo;10064;63820;0121 322170;;elettramuris@libero.it;https://www.elettramuris.it;https://www.paginegialle.it/elettramuris
fotovoltaico;;Idraulica Sperandio;Via Giovanni Mario Crescimbeni, 69;MC;Macerata;62100;48110;0733 237191, 333 8486121;333 8486121;idraulica.sperandio@gmail.com;https://www.idraulicasperandio.it;https://www.paginegialle.it/sperandiomaurizio
fotovoltaico;;Termoidraulica Muccioli;Via G. Pascoli, 540;FC;Cesena;47521;30450;334 9130974, 335 5669059, 054 7646645;334 9130974, 335 5669059;nanuboris@live.it;http://www.termoidraulicamuccioli.it;https://www.paginegialle.it/termoi-draulica-muccioli-cesena-fc
fotovoltaico;;Madiotto Impianti Elettrici;Via 1 Maggio, 15/B;VE;San Stino di Livenza;30029;77190;347 5320117, 347 6637400;347 5320117, 347 6637400;madiottoimpianti@gmail.com;https://www.madiottoimpianti.it;https://www.paginegialle.it/madiotto-impianti-elettrici-ve
fotovoltaico;;Albasolar;Corso Barolo, 17;CN;Alba;12051;11050;0173 285882;;commerciale@gruppomarengo.it;https://www.albasolar.it/;https://www.paginegialle.it/albasolarsrl
fotovoltaico;;Giulio Moratti Costruzioni Elettriche;Via Portici, 2;TN;Dro;38074;36650;0464 504398;;gmcostruzionielettriche@tin.it;http://www.gmcostruzionielettriche.com;https://www.paginegialle.it/gm-costruzioni-elettriche-tn
fotovoltaico;;A.M. Impianti;Via Ugo La Malfa, 8;PR;Medesano;43014;50550;0525 432028;;info@amimpianti.info;http://www.amimpianti.info;https://www.paginegialle.it/amimpianti-pr
fotovoltaico;;Il Portale del Sole;Corso Milano, 26;MB;Monza;20900;55610;039 9712258;;amministrazione@ilportaledelsole.it;http://www.ilportaledelsole.it;https://www.paginegialle.it/energia-solare-il-portale-del-sole-monza
fotovoltaico;;Bi-Clima;Via Confini, 2;FI;Campi Bisenzio;50013;21730;055 8944461;;biclima2000@gmail.com;https://www.bi-clima.com;https://www.paginegialle.it/biclima
fotovoltaico;;Gamberini Srl;Via del Maccabreccia, 16/C;BO;Calderara di Reno;40012;20910;051 725393;;info@gamberinisrl.com;https://www.gamberinisrlbo.com;https://www.paginegialle.it/gamberinisrl
fotovoltaico;;Marini Coperture;Via Berlinguer, 28;PR;Langhirano;43013;45330;0521 853526;;amministrazione@marini-coperture.it;http://www.marini-coperture.it;https://www.paginegialle.it/marini
fotovoltaico;;Green Energy;Via Antonio Stoppani, 28;BS;Brescia;25126;19180;030 316679, 030 2410070;;info@green-energy.it;http://www.green-energy.it;https://www.paginegialle.it/greenenergysrl
fotovoltaico;;Orlandi Maurizio;Via Brodolini, 2;FC;Gatteo;47043;41240;0541 818222;;info@orlandimaurizio.it;http://www.orlandimaurizio.it;https://www.paginegialle.it/orlandimaurizio-fc
fotovoltaico;;STS Energie Rinnovabili;Via Casaline, 10;VI;Cartigliano;36050;24470;0424 522026, 346 2251264;346 2251264;info@stsolari.it;https://www.stsolari.it/;https://www.paginegialle.it/sts-energie-rinnovabili-cartigliano
fotovoltaico;;Seebacher & Co. Kg/Sas;Via Dolomiti, 13;BZ;Bolzano;39100;17560;335 7098394, 0471 979211;335 7098394;seebacher.wp@gmail.com;https://www.seebacher-bz.it;https://www.paginegialle.it/seebachersnc
fotovoltaico;;Idromaffei di Maffei Giuseppe;Via Giuseppe Abbruzzese, 4;BA;Bitetto;70020;17170;389 7671222, 349 5757988;389 7671222;;https://www.idromaffei.com;https://www.paginegialle.it/idromaffei
fotovoltaico;;Idraulico Podetti Gianni;Via Nazionale, 1301;TN;Dimaro Folgarida;38025;11366;0463 090013, 335 6043064;335 6043064;gpodetti.impianti@yahoo.it;https://www.idraulicopodettigianni.it/;https://www.paginegialle.it/podettigianniidraulico
fotovoltaico;;Tognonato Lattonerie Coperture Bonifiche;Via Giovanni Pascoli, 39;PD;Cittadella;35013;31800;338 7175407;338 7175407;tognonatomaurizio2@gmail.com;https://www.tognonatomaurizio.it/;https://www.paginegialle.it/tognonato-maurizio-pd
fotovoltaico;;Clima Service;Via Giaccaglia, 28;RN;Rimini;47924;68700;0541 309355;;;http://www.mlgroup.it;https://www.paginegialle.it/clima-service-rimini
fotovoltaico;;Clima System;Via Giaccaglia, 28;RN;Rimini;47924;68700;0541 309311;;climasystem@mel-group.it;http://www.mlgroup.it;https://www.paginegialle.it/clima-system-manutenzione-caldaie-rimini
fotovoltaico;;Martignoni & Leardini Snc;Via Giaccaglia, 28;RN;Rimini;47924;68700;0541 309311;;;http://www.mlgroup.it;https://www.paginegialle.it/martignoni-e-leardini-rimini
fotovoltaico;;Termomax Impianti;Via Nazario Sauro, 25;TV;Vascon;31050;23700;0422 1728507;;info@termomaximpianti.it;http://www.termomaximpianti.it;https://www.paginegialle.it/termomaximpianti
fotovoltaico;;Governale Agri.Com.Service;Via Pio La Torre, 134;TP;Petrosino;91020;62475;0923 985858, 348 8871855;348 8871855;governaleagricomsrl@libero.it;https://www.governaleagriservice.it;https://www.paginegialle.it/governaleagricomservicesrl
fotovoltaico;;Martina Marco Impianti Elettrici;Via ai Vola, 23;TO;Luserna San Giovanni;10062;47930;335 5239298;335 5239298;martina28marco@gmail.com;;https://www.paginegialle.it/impianti-elettrici-martina-marco-to
fotovoltaico;;Francesco Fumarola;Via Francesco Petrarca, 20/22;TA;Martina Franca;74015;49830;080 4808890, 348 7414308;348 7414308;francescofumarola@libero.it;;https://www.paginegialle.it/francescofumarola
fotovoltaico;;Il Portale del Sole;Corso Milano, 26;MB;Monza;20900;55610;039 9712258;;amministrazione@ilportaledelsole.it;http://www.ilportaledelsole.it;https://www.paginegialle.it/il-portale-del-sole-monza
fotovoltaico;;Mughetti Eugenio Snc;Via Regina Margherita, 6;NU;Macomer;08015;48160;0785 71709;;mughetti.impianti@gmail.com;;https://www.paginegialle.it/mughetti-eugenio-snc-nu
fotovoltaico;;Fiammengo Federico Bonifica Amianto;Via Reiss Romoli, 267;TO;Torino;10148;84588;011 4508087;;info@fiammengofederico.com;http://www.fiammengofederico.com/page/chi-siamo/;https://www.paginegialle.it/fiammengofederico
fotovoltaico;;Ecoclima. di Bruno;Via Taranto, 29;SR;Pachino;96018;59850;0931 592577, 329 4922023;329 4922023;ecoclimasrldibruno@gmail.com;https://www.ecoclimasrldibruno.it;https://www.paginegialle.it/ecoclima-srl-pachino
fotovoltaico;;Termap;Zona Industriale, 6;PN;Montereale Valcellina;33086;54761;0427 798790;;termapsnc@gmail.com;https://www.termapsnc.it;https://www.paginegialle.it/termap
fotovoltaico;;A.T. Impianti Tecnologici;Via Lavinaio Tratto 1 Traversa Azzurra, 3;NA;San Giuseppe Vesuviano;80047;74900;334 3631372;334 3631372;a.t.impiantitecnologicisrls@gmail.com;https://www.instagram.com/a.t.impianti/;https://www.paginegialle.it/atimpiantitecnologici
fotovoltaico;;S.A.I.R. - Vaillant Service Plus;Via Statale, 95;LC;Mandello del Lario;23826;48890;0341 731511, 0341 350700, 0341 700666, 334 8746304;334 8746304;info@sairdivalpolini.it;https://www.sair-valpolini.com;https://www.paginegialle.it/sair-valpolini
fotovoltaico;;Gruppo Serra;Via Giacomo Matteotti, 24;NO;Galliate;28066;40710;0321 863242;;info@grupposerra.eu;https://www.grupposerra.eu;https://www.paginegialle.it/gruppo-serra-no
fotovoltaico;;Termoidraulica Minghini Simone e Roberto;Via alla Cartiera, 31;VB;Verbania;28923;89000;0323 552193, 339 8328377, 333 3034213;339 8328377, 333 3034213;termoidraulica.minghini@gmail.com;https://www.termoidraulicasncverbania.it;https://www.paginegialle.it/minghinitermoidraulica
fotovoltaico;;Df Elettrotecnica;Via Maestri del Lavoro, 35;FC;Forlì;47122;39250;0543 722613;;info@dfelettrotecnica.it;http://www.dfelettrotecnica.it;https://www.paginegialle.it/dfelettrotecnica
fotovoltaico;;Ceb Impianti;Strada Statale di Gubbio e Pian D'Assino, 13/15;PG;Gubbio;06024;43900;075 9277045;;info@cebimpianti.it;http://www.cebimpianti.it;https://www.paginegialle.it/cebimpianti
fotovoltaico;;Elios Energie Rinnovabili ed Efficienza Energetica;Via Sardegna, 20;CT;Belpasso;95032;16220;095 391142, 366 6821681;366 6821681;infoweb@eliositalia.com;https://www.eliositalia.com;https://www.paginegialle.it/elios-energie-rinnovabili-ed-efficienza-energetica
fotovoltaico;;La Verde Impresa di Pulizie;Via Gaetano Scirea, 13/A;PR;Parma;43122;60930;0521 782511, 393 463207326;393 463207326;info@laverde.it;http://www.laverde.it;https://www.paginegialle.it/laverdepr
fotovoltaico;;New-Tek Impianti Domotici;Via Coltra, 39/B;SO;Albosaggia;23010;11380;0342 200456, 335 7666807;335 7666807;info@new-tek.net;http://www.new-tek.net;https://www.paginegialle.it/new-tek-albosaggia
fotovoltaico;;Ear Group;Via Dell' Artigianato, 6/A;RN;Sant'Agata Feltria;47866;72570;054 7699100;;info@eargroup.it;http://www.eargroup.it;https://www.paginegialle.it/ear-group-impianti-fotovoltaici
fotovoltaico;;Ra 2 Elettrotecnica;Via del Commercio, 22;MB;Bellusco;20882;16150;039 6883564;;commerciale@ra2.it;http://www.ra2.it;https://www.paginegialle.it/ra2elettro-mb
fotovoltaico;;Cat - Cooperativa Termoidraulici Cat Soc.Coop.;Via Monzani, 44/F;RE;Castelnovo Ne' Monti;42035;27420;0522 812928;;cat@cooptermoidraulici.com;https://www.termoidraulici-coop.com;https://www.paginegialle.it/cooperativatermoidraulici
fotovoltaico;;Spinato Impianti Elettrici;Via Sacco e Vanzetti, 15;VA;Carnago;21040;24090;0331 995557;;spinato@spinato.191.it;http://www.spinato.191.it;https://www.paginegialle.it/spinatoimpiantielettrici
fotovoltaico;;Portesio;Via Poirino, 91;TO;Carmagnola;10022;24050;011 9723216;;info@portesioimpianti.it;http://www.portesioimpianti.it/;https://www.paginegialle.it/portesiosrl
fotovoltaico;;Fp Impianti Srl;Via San Marco, 14/A;PN;Vivaro;33099;91781;0427 976132;;info@fpelettroimpianti.it;http://www.fpelettroimpianti.it;https://www.paginegialle.it/fpimpiantisrl
fotovoltaico;;Bose Impianti Elettrici;Via Pinzone, 16;MN;Poggio Rusco;46025;64580;0386 734545;;info@boseimpianti.com;http://www.boseimpianti.com;https://www.paginegialle.it/boseimpiantielettrici
fotovoltaico;;Enerprom S.r.l.;Via di Santa Maria, 3;TN;Cloz;38028;11498;0463 974050;;info@enerprom.eu, enerprom.energia@pec.it;https://www.enerprom.it;https://www.paginegialle.it/enerprom
fotovoltaico;;Climacasa;Corso Alcide De Gasperi, 373;BA;Bari;70125;15368;080 5020202, 335 205444;335 205444;info@climacasasrl.it;https://www.climacasabari.it;https://www.paginegialle.it/climacasa-ba
fotovoltaico;;Patriarca Impianti;Via Monsignor Oscar Romero, 95;UD;San Daniele del Friuli;33038;73760;0432 957579;;info@patriarcaimpianti.it;;https://www.paginegialle.it/patriarca-impianti-san-daniele-del-friuli-ud
fotovoltaico;;Termotecnica Cerettese;Via G. Brunero, 45;TO;San Maurizio Canavese;10077;75890;011 9244182, 328 9132798;328 9132798;termotecnica.cubito@tiscali.it;https://www.termotecnicacerettese.it;https://www.paginegialle.it/termotecnicacerettesedicubito
fotovoltaico;;Stim Engineering;Via Garruba Michele, 3;BA;Bari;70122;15368;080 5210232;;m.laforgia@stimeng.it;https://www.stimeng.com;https://www.paginegialle.it/stimengineering
fotovoltaico;;Impianti Idrotermo Sanitari Pavan;Viale Risorgimento, 40/I;RO;Adria;45011;10540;338 2507359;338 2507359;pavan.impianti@libero.it;;https://www.paginegialle.it/impianti-idro-termo-sanitari-pavan-adria-rovigo
fotovoltaico;;Edil Mba;Via Doganale Polline, 8;RM;Campagnano di Roma;00063;21640;06 9042368, 393 9520592, 338 4432103;393 9520592;info@edilmba.it, info@mba.it;https://www.edilmba.com;https://www.paginegialle.it/edil-mba-roma
fotovoltaico;;Spectra di Daniele Piazzi;Via Cesare Battisti, 62;BO;Molinella;40062;52220;051 887070, 335 6169116;335 6169116;spectra.it@libero.it;http://www.spectraimpianti.it/;https://www.paginegialle.it/spectra-impianti-molinella-bo
fotovoltaico;;Artech Edilizia Completa - Geom. Emiliano Zoccolan;Via Tonale, 20;MB;Giussano;20833;42350;328 0766721;328 0766721;info@artech.mi.it;https://www.artech-mi.com;https://www.paginegialle.it/artech-edilizia-completa-giussano-mb
fotovoltaico;;Projetcover s.r.l.;Via Conegliano, 96;TV;Susegana;31058;82870;0438 656866;;info@projetcover.it;http://www.projetcover.it;https://www.paginegialle.it/projectcover-srl-susegana
fotovoltaico;;ArKstudio s.r.l.;Via Padana Superiore, 67;BS;Castegnato;25045;26070;030 21420, 030 307208;;arch.laura_salvatore@libero.it;;https://www.paginegialle.it/studiodiarchitetturanocivelli
fotovoltaico;;Vacchi;Via Iacobella, 3;FE;Ferrara;44100;38010;0532 427512, 0532 427513;;info@vacchisnc.it;http://www.vacchisnc.it;https://www.paginegialle.it/vacchisnc
fotovoltaico;;We2B Green Evolution - We2B Digital Evolution;Via Panà, 56/TER;PD;Noventa Padovana;35027;57730;049 6898320;049 6898320;info@we2bsrl.it;http://www.we2bsrl.it;https://www.paginegialle.it/we2bsrl
fotovoltaico;;E.R. LUX;Via René Descartes Cartesio, 27;FC;Forlì;47122;39250;0543 795495, 0543 774632;;info@erlux.it;http://www.erlux.it;https://www.paginegialle.it/erluxsrl
fotovoltaico;;C.E.I. ART.;Strada Rota Ligneres, 21;PR;Baganzola;43126;60930;0521 603038, 0521 602083;;info@ceiart.it;http://www.ceiart.it;https://www.paginegialle.it/ceiart-pr
fotovoltaico;;P.F.P Project e Consulting;Via Regina Elena, 29;RC;Cinquefrondi;89021;31530;338 9171047, 0966 444715, 334 9111007, 366 4961957;0966 444715;info@pfpsrl.it;;https://www.paginegialle.it/pfp-project-consulting-cinquefrondi-rc
fotovoltaico;;Semplice Efficientare;Via Beato Francesco Marino, SNC;CS;Zumpano;87040;92620;0984 1860766, 375 6928178;375 6928178;;;https://www.paginegialle.it/sempliceefficentare
fotovoltaico;;Ditta Oberrauch Klaus;Via Enzenberg, 42;BZ;Terlano;39018;83650;335 6362762, 0471 508847;335 6362762;info@oberrauch.it;;https://www.paginegialle.it/oberrauch
fotovoltaico;;Idraulica Degl'Innocenti;Via Giovanni Amendola, 72;FI;Vinci;50059;91500;335 6442110, 335 7227016, 0571 508224;335 6442110, 335 7227016;deglinnocentisnc@gmail.com;https://www.deglinnocentisnc.it;https://www.paginegialle.it/idraulica-degli-innocenti-fi
fotovoltaico;;El.Co. Elettronica;Via degli Oliveti, 50;MS;Massa;54100;50130;0585 43824, 377 0214024;377 0214024;e-commerce@elco-ms.it, info@elco-ms.it;https://www.elcomassa.it;https://www.paginegialle.it/elcoelettronica
fotovoltaico;;Corpino Impianti;Via Giuseppe Zuddas, 171;CA;Monserrato;09042;52965;070 582177;;corpino@hotmail.com;http://www.corpinoimpianti.com;https://www.paginegialle.it/corpino-impianti-condizionamento-aria-monserrato
fotovoltaico;;Termoidraulica Bernazzali Valseno;Via Marzabotto, 6;RE;Castelnovo di sotto;42024;27410;335 6367823, 0522 682489;;valseno.bernazzali@gmail.com;https://www.termoidraulicabernazzali.it;https://www.paginegialle.it/termoidraulica-bernazzali-castelnovo-di-sotto-re
fotovoltaico;;Mg Impianti;Via Artigianato, 60;SV;Finale Ligure;17024;38440;019 695028;;info@mgviolasrl.it;https://www.mgviola.com;https://www.paginegialle.it/mgimpianti
fotovoltaico;;Sea Automazioni Srl;Via Dell' Ortica, 22;BA;Altamura;70022;11850;080 3114919;;info@seaautomazioni.it;http://www.seaautomazioni.it;https://www.paginegialle.it/seaautomazioni
fotovoltaico;;Daldoss Impianti Idraulici;Via Guglielmo Marconi, 26;TN;Cusiano;38026;59480;0463 751563;;info@daldoss.it;http://www.daldoss.it;https://www.paginegialle.it/bri-da
fotovoltaico;;Idrofer;Via Casilina Nord, Km 135;FR;Cassino;03043;25930;0776 283977, 328 3796422;328 3796422;info@idrofer.info;https://www.idrofer.info/;https://www.paginegialle.it/idroferferramentaidraulica
fotovoltaico;;Aertermica Sas;Corso Alessandria, 67;AL;Tortona;15057;85320;0131 868568, 0131 862076, 0131 868351;;info@aertermicasas.it;https://mypoints.italiaonline.it/riellospa/Aertermica/Tortona/~;https://www.paginegialle.it/aertermicatortona
fotovoltaico;;E.C. Impianti Elettrici;Via San Tomaso, 27;BG;Azzano San Paolo;24052;14370;035 530764;;info@ecimpiantielettrici.it;http://www.ecimpiantielettrici.it;https://www.paginegialle.it/ecimpiantielettrici
fotovoltaico;;Hollander Srl;Viale Venezia, 96;TN;Levico Terme;38056;46420;0461 707084;;info@hollander.it;https://www.hollander.it/;https://www.paginegialle.it/hollander-idrotermica-levico-terme-tn
fotovoltaico;;Termo Dapoz;Strada Ninz, 84;BZ;Badia;39036;14440;0471 847191;;info@termodapoz.it;http://www.termodapoz.it;https://www.paginegialle.it/termodapoz
fotovoltaico;;Dav Coil  Scambiatori di Calore;Via Dell' Artigianato, 11;VR;San Pietro in Cariano;37029;76520;045 6801199;;sales@davcoil.com;https://davcoil.com/?lang=it;https://www.paginegialle.it/davcoil-vr
fotovoltaico;;Officine Meccaniche Deca;Via Galilei, 2;MI;Segrate;20090;79230;02 2169581;;info@deca.com;http://www.deca.com/it/Produzione;https://www.paginegialle.it/decasrl
fotovoltaico;;So.El. Società Elettrotecnica;Via Madonna di Loreto, SNC;VT;Soriano nel Cimino;01038;81550;0761 744032;;info@soelelettroimpianti.it;https://www.soelimpianti.it;https://www.paginegialle.it/soelimpianti
fotovoltaico;;Emme Esse Antenne Terrestri e Satellitari, Impianti Fotovoltaici;Viale Assunta, 140;MI;Cernusco sul Naviglio;20063;29990;02 92108704;;info@emmeessesat.it;http://www.emmeessesat.com/;https://www.paginegialle.it/emmeessesat
fotovoltaico;;Termoidraulica Paganelli e C.;Via Niccolò Forteguerri, 39/C;PT;Monsummano Terme;51015;52970;0572 952793, 0572 955091;;info@termoidraulicapaganelli.it;;https://www.paginegialle.it/termoidraulicapaganelli
fotovoltaico;;Brescia Acustica Energia Dell'Ing. Arch. Lanciano Mauro;Via Galileo Galilei, 26;BS;Brescia;25128;19180;030 397119, 349 7899253;349 7899253;mauro.lanciano53@gmail.com, ing.maurolanciano@gmail.com;http://www.certificazioneacusticabrescia.it;https://www.paginegialle.it/brescia-acustica-energia-lanciano
fotovoltaico;;G.L.E.S.;Via Papa Giovanni XXIII, 9;CO;Bregnano;22070;19000;031 5080148;;info@gles-gabrielli.it;http://www.gles.it;https://www.paginegialle.it/glesgabrielli
fotovoltaico;;Parfiri - Marino Bagnasco srl;Corso Italia, 27;SV;Savona;17100;78470;019 810580;;info@parfiri.it;http://www.parfiri.it;https://www.paginegialle.it/parfiri-sv
fotovoltaico;;Termoidraulica Perotti Stefano e Ferigo Gianni;Via Piacenza, 53;PV;Voghera;27058;91900;0383 43496;;ferigotermoidraulica@libero.it;https://www.termoidraulicaperottiferigo.net;https://www.paginegialle.it/perotti-ferigo-snc-pv
fotovoltaico;;Termoidraulica Bercini;Via della Stanga, 7;LC;Calolziocorte;23801;21070;0341 642521;;info@bercini.it;https://www.termoidraulicabercini.it;https://www.paginegialle.it/berciniterm
fotovoltaico;;Electra S.r.l.;Via Padre Primaldo Coco, 11/B2;TA;Taranto;74121;83170;099 7794664, 348 3406602;348 3406602;electra.srl@libero.it;https://www.electrasrltaranto.com;https://www.paginegialle.it/electra-ta
fotovoltaico;;BIZZO Srl dal 1972;Via Torre dei Cani, 20;PV;Torre dei Cani;27051;28830;0382 454298, 389 8513387;389 8513387;info@bizzosrl.it;http://www.bizzosrl.it;https://www.paginegialle.it/bizzo
fotovoltaico;;E.S.E.A. 2G;Via 4 Piccoli Martiri, 1/A;BS;Cividate Camuno;25040;31950;0364 341090;;info@esea.it;http://www.esea.it;https://www.paginegialle.it/esea-2-g
fotovoltaico;;Studio Tecnico Lombarda;Via Lamarmora, 14;VI;Brendola;36040;19090;0444 601814, 393 9584875;393 9584875;studiotecnicobrendola@gmail.com, lombardad.geometra@teletu.it;https://www.studiotecnicobrendola.it;https://www.paginegialle.it/studiotecnicolombarda
fotovoltaico;;Termoservice;Viale America;SR;Augusta;96011;14040;0931 453519, 347 8304753;347 8304753;andreadanieli937@gmail.com;https://www.termoserviceaugusta.it;https://www.paginegialle.it/termoservice-augusta
fotovoltaico;;Idraulica Bonanomi srl;Via Manara, 12;LC;Merate;23807;50990;039 9909057, 348 3301686;348 3301686;idraulica.bonanomi@libero.it;https://www.idraulicabonanomi.it;https://www.paginegialle.it/idraulicabonanomi
fotovoltaico;;D.P. Impianti Sas;Via Andrea Anfuso, 3;PA;Palermo;90135;60352;392 6502081, 091 552517;392 6502081;d.p.impianti@virgilio.it;https://www.dpimpiantipalermo.com;https://www.paginegialle.it/immergasdpimpianti
fotovoltaico;;New Tecnoclima - Energy & Clima;Viale Antonio Gramsci, 9/A;AR;San Giovanni Valdarno;52027;74830;055 941715, 800 814803;;newtecnoclimasrl@gmail.com;https://www.newtecnoclima.com;https://www.paginegialle.it/new-tecnoclima-san-giovanni-valdarno
fotovoltaico;;Geo Impianti;Via Molinello, 70;CB;Termoli;86039;83700;0875 703880, 347 8572612, 347 5866598;347 8572612, 347 5866598;info@geoimpianti.it;http://www.geoimpianti.it;https://www.paginegialle.it/geoimpianti
fotovoltaico;;Rit;Via Pigafetta, 60;SS;Porto Torres;07046;65940;079 516018, 079 516122;;ritsnc@tiscali.it;https://www.ritsardegna.com;https://www.paginegialle.it/rit
fotovoltaico;;Conel Impianti;Via Vittori, 139/143;RA;Faenza;48018;37290;0546 620308;;info@conelimpianti.com;http://www.conelimpianti.com;https://www.paginegialle.it/conel
fotovoltaico;;Idraulica Iacopucci;Via Rossini, 5;PI;Cascina;56021;25420;393 4939720;393 4939720;giovanniiacopucci@gmail.com;https://www.idraulicaiacopucci.it;https://www.paginegialle.it/idraulicaiacopucci
fotovoltaico;;Finanziaria di Valle Camonica Spa;Piazza Vittoria, 19;BS;Breno;25043;19120;0364 320012;;info@finvalle.it;https://www.finanziariavallecamonicaspa.com;https://www.paginegialle.it/fin-valle-camonica
fotovoltaico;;Galetto Impianti;Via Lignano Sabbiadoro, 103;UD;Pertegada;33053;45650;0431 53002;;info@galettoimpianti.it;https://www.galettoimpianti.it;https://www.paginegialle.it/galetto-impianti
fotovoltaico;;Densolar Srl;Via Casilina Nord, 63;FR;Frosinone;03100;40190;0775 292055, 379 2332983;379 2332983;densolarsrl@libero.it;https://www.densolar.it;https://www.paginegialle.it/densolarsrl-frosinone
fotovoltaico;;Fg Impianti Ametrano;Via Saporito, 33;NA;Poggiomarino;80040;64500;081 6122640, 340 8331935;340 8331935;marketing.fgimpianti@gmail.com;http://www.fgshop.it;https://www.paginegialle.it/fgimpiantiametrano-impianti-solari-na
fotovoltaico;;L.A. termotecnica Energy Solutions;Via Martiri della Libertà, 81;TO;Mathi;10075;50370;011 9268604;;info@termotecnicafutura.it;https://www.la-termotecnica.it;https://www.paginegialle.it/la-termotecnica-energy-solutions
fotovoltaico;;Rosa Impianti;Via dei Colli, 218;FI;Signa;50058;80530;389 1428097, 055 9363223;389 1428097;prosa0@virgilio.it;https://www.rosaimpianti.com;https://www.paginegialle.it/rosaimpaintisrl
fotovoltaico;;Siem Impianti;Via Dell' Artigianato, 6;RN;Sant'Agata Feltria;47866;72570;0547 699124;;info@siemimpianti.it;https://www.siemimpianti.it/;https://www.paginegialle.it/siemimpianti-impianti-elettrici-rn
fotovoltaico;;F.lli De Bellis;Via Michele Menichella, 6/f-18;FG;Foggia;71122;38770;0881 742415, 0884 543948;;info@fratellidebellis.com;http://www.fratellidebellis.com;https://www.paginegialle.it/debellissrl
fotovoltaico;;Grid Italia;Viale Tito Oro Nobili, 6/8/10;TR;Terni;05100;83730;335 371162;335 371162;info@griditalia.eu;;https://www.paginegialle.it/griditalia
fotovoltaico;;Gv Impianti S.r.l.;Viale Ticino, 58;VA;Gavirate;21026;41340;328 2969263, 0332 768075;328 2969263;info@gvimpiantisrl.it;https://www.gvimpiantisrl.com;https://www.paginegialle.it/gv-impianti-srl
fotovoltaico;;Favaro Impianti Sas;Via Fondà, 40;PD;Padova;35124;59960;049 8804976, 340 1566406;340 1566406;favaroimpianti.sas@tiscali.it;https://www.favaroimpianti.com;https://www.paginegialle.it/favaroimpiantipadova
fotovoltaico;;Di Cecco Idraulica;Via Ravagni, 1;TN;Isera;38060;44450;335 473015, 0464 435581;335 473015;diceccoidraulica@alice.it;https://www.diceccoidraulica.com;https://www.paginegialle.it/diceccoidraulicaisera
fotovoltaico;;Pattis;Via Konrad Lechner, 7;BZ;Varna;39040;88490;0472 831132;;info@elektropattis.it;http://www.elektropattis.it;https://www.paginegialle.it/elektropattis
fotovoltaico;;Misigoj Massimo Impianti Elettrici;Via Torino, 6;GO;Cormons;34071;33930;0481 639252;;info@impiantimisigoj.it;http://www.impiantimisigoj.it;https://www.paginegialle.it/misigoj_impianti_elettrici_antifurto_automazione_cancelli_fotovoltaico
fotovoltaico;;Applicazioni Elettriche Power Solutions;Via Violino di Sotto, 164;BS;Brescia;25132;19180;030 311779;;applicazionielettriche@gmail.com;https://www.applicazionielettriche.com;https://www.paginegialle.it/impiantielettrici-brescia
fotovoltaico;;Baldelli Impianti;Via Roncaglia, 13;PU;Colli al Metauro;61036;11408;0721 895753, 360 714921;360 714921;info@baldellimpianti.it;http://www.baldellimpianti.it;https://www.paginegialle.it/impianti-termoidraulici-baldelli-colli-al-metauro
fotovoltaico;;Termoidraulica Sinn Oswald;Zona Produttiva Ganda, 5;BZ;Caldaro sulla Strada del Vino;39052;20890;0471 663768;;info@oswaldsinn.com;http://www.oswaldsinn.com;https://www.paginegialle.it/sinnoswald
fotovoltaico;;T.F. Termoidraulica Folgaria;Via Giacomo Leopardi, 14;TN;Folgaria;38064;38830;328 8678999, 0464 765360;328 8678999;termoidraulicafolgaria@gmail.com;https://www.termoidraulicafolgaria.com;https://www.paginegialle.it/termoidraulicafolgaria
fotovoltaico;;Ve.St. Impianti Elettrici;Via S. Maria a Chianni, 30;FI;Gambassi Terme;50050;40910;0571 639067, 347 7834687;347 7834687;verdianistefano@alice.it;https://www.vestimpiantielettrici.it;https://www.paginegialle.it/vestimpiantielettrici
fotovoltaico;;Condizionatori Brescia Amotech;Via G. D'Annunzio, 9;BS;Brescia;25123;19180;030 40182;;info@amotech.it;http://www.amotech.it;https://www.paginegialle.it/amotechit
fotovoltaico;;Biopoplar;Località San Isidoro, 97/A;CN;Cavallermaggiore;12030;28800;0172 389693;;;https://www.biopoplar.com;https://www.paginegialle.it/cavallermaggiore-cn-biopoplar_2
fotovoltaico;;Mondo Energia S.r.l.;Via Massimo D'Azeglio, 78;TP;Marsala;91025;49720;0923 909642, 333 9637475;333 9637475;info@mondoenergiaweb.it;http://www.mondoenergiaweb.it;https://www.paginegialle.it/mondoenergiasrl
fotovoltaico;;Papini e Costoli - Impianti Idraulici;Via Cervi Fratelli, 37;FI;Montelupo Fiorentino;50056;54410;0571 913006, 335 7577163;335 7577163;info@papiniecostoli.com;;https://www.paginegialle.it/papiniecostoliidraulica-fi
fotovoltaico;;Sie Brescia Srl;Via Filippo Lippi, 6/8;BS;Brescia;25134;19180;030 302219, 030 3398181;;info@siebrescia.it;http://www.siebrescia.it;https://www.paginegialle.it/impianti-sie-brescia
fotovoltaico;;Alpi Marco e C. Srl;Via Sant'Orsola, 73;RA;Faenza;48018;37290;0546 620593;;info@alpimarco.it;http://www.alpimarco.it;https://www.paginegialle.it/alpimarcofaenza
fotovoltaico;;Effeti Impianti - Idrotermosanitari e Piattaforme Aeree;Via per Rozzo, SNC;VC;Borgosesia;13011;18320;340 1202755, 0163 416392, 347 2203983;340 1202755, 347 2203983;effeti.impiantisnc@gmail.com;https://www.effetiimpianti.org;https://www.paginegialle.it/effetiimpiantiidrotermosanitari
fotovoltaico;;M.B. Energia Solare;Via del Brennero, 97;TN;Trento;38121;85876;346 8020067;346 8020067;moreno.bonomi@alice.it;;https://www.paginegialle.it/energia-solare-mb-trento
fotovoltaico;;Rovati Giuseppe Idraulico;Via Grassano, 13;PV;Garlasco;27026;41150;348 2921088;348 2921088;roberto.rovati@alice.it;https://www.idraulicarovati.it;https://www.paginegialle.it/idraulicirovatirobertogiuseppe
fotovoltaico;;Bologna & Ponzanelli;Via Pecorina, 55;SP;Sarzana;19038;78150;0187 620116;;info@bolognaeponzanelli.it;;https://www.paginegialle.it/bolognaeponzanelli
fotovoltaico;;Tgk - Tutto Gas Klima Sas;Via Nazionale, 319;IM;Imperia;18100;44150;0183 764842, 0183 297399;;tuttogas@tuttogas.net;https://www.facebook.com/Tgksas/?locale=it_IT;https://www.paginegialle.it/tuttogasklimaimpianti
fotovoltaico;;Caccamo - Ic Caccamo dal 1978;Via Pr. Piemonte, 33/A;SS;Sassari;07100;78170;079 219119, 328 9772384;328 9772384;iccaccamo@libero.it;;https://www.paginegialle.it/iccaccamo
fotovoltaico;;Atb Riva Calzoni Spa;Via Industriale, 13;BS;Roncadelle;25030;70640;030 25811;;info@atbrc.com;http://www.atbrc.com;https://www.paginegialle.it/atbrc
fotovoltaico;;Bouc Walter Impianti Elettrici;Borgata Gleisolle, 9;TO;Roure;10060;71215;335 6511405, 0121 842708;335 6511405;walterbouc@gmail.com, boucwalter.impiantielettrici@pec.it;https://www.facebook.com/Bouc-Walter-impianti-elettrici-1472874692949004/;https://www.paginegialle.it/boucwalter
fotovoltaico;;Deltaclima;Via Ferraris, 184/184A;AR;Arezzo;52100;13190;0575 381913, 0575 984621;;info@deltaclima.it;http://www.deltaclima.it;https://www.paginegialle.it/deltaclima
fotovoltaico;;Siter Impianti Termosanitari;Via dell'Artigianato, 3;SO;Valdidentro;23038;87420;0342 927131;;siter@siterimpianti.it;http://www.siterimpianti.it;https://www.paginegialle.it/siter-impianti-valdidentro
fotovoltaico;;CO.M.I.GE.;Via Vigentina, 136;PV;Pavia;27100;61330;0382 579401, 0382 573888;;comige2@comige.it;http://www.comige.it/home.html;https://www.paginegialle.it/comige-pavia
fotovoltaico;;Aquapiu';Via Giorgio Ballarini, 8;VB;Domodossola;28845;36360;0324 44777;;aquapiu@cheapnet.it;https://www.aquapiu.eu;https://www.paginegialle.it/aquapiu
fotovoltaico;;Rocchi Clima;Via Dante Alighieri, 13;PI;Casciana Terme;56034;11227;328 5347412;328 5347412;amministrazione@rocchiclima.it;http://www.facebook.com/Rocchiclima-Snc-248314588629723;https://www.paginegialle.it/rocchi-clima
fotovoltaico;;Mst System Srl;Via S. Leonardo, 380;MS;Marina di Massa;54100;50130;0585 241993, 339 3336918;339 3336918;info@mstsystem.it;https://www.mstsystem.com;https://www.paginegialle.it/mst-system
fotovoltaico;;Nuova Idrotermica;Via Giuseppe Tassoni, 21;VT;Tarquinia;01016;83190;333 9693418, 0766 840950;333 9693418;info@nuovaidrotermica.com, jacopucci.mauro@tiscali.it;https://www.nuovaidrotermicatarquinia.it;https://www.paginegialle.it/nuovaidrotermica
fotovoltaico;;Girasole Caldaie;Contrada Santa Lucia, SNC;EN;Pietraperzia;94016;63360;0934 462633, 320 9076092;320 9076092;info@girasolecaldaie.com;https://www.girasolecaldaie.com/;https://www.paginegialle.it/girasolecaldaie
fotovoltaico;;Studio Tecnico Sarti - Architettura, Ingegneria, Amministrazione Condominiale;Via Nino Ilari, 11;RM;Roma;00169;70464;328 5939717;328 5939717;studiosarti.info@gmail.com;https://www.studiotecnicosarti.com/chi-siamo;https://www.paginegialle.it/studiotecnicosarti
fotovoltaico;;Termoidraulica Cussigh Srl;Via del Lavoro, 18;UD;Tavagnacco;33010;83300;0432 614328;;info@termoidraulicacussighsrl.com;https://www.termoidraulicacussigh.it;https://www.paginegialle.it/cussighmanuel
fotovoltaico;;molinari graziano;Via Sant'Antonio, 94;TN;Albiano;38041;11260;335 7182853;335 7182853;graziano.molinari73@gmail.com;https://www.grazianomolinari.it;https://www.paginegialle.it/grazianomolinari73
fotovoltaico;;Ve.Ra. Elettrotecnica Snc Impianti Elettrici Civili e Industriali;Viale Po, 93;VC;Crescentino;13044;34970;0161 842759, 335 5465406;335 5465406;vera@veraelettrotecnica.it;https://www.veraelettrotecnica.it;https://www.paginegialle.it/veraimpiantielettricivercelli
fotovoltaico;;Mgm Impianti Elettrici;Via Moscadelli, 13;SI;Sinalunga;53048;80700;0577 636041;;amministrazione@mgmimpianti.net;http://www.facebook.com/mgmimpianti/;https://www.paginegialle.it/mgmimpianti
fotovoltaico;;Termoidraulica e Termoassistenza Verrilli e Del Corso;Via Marco Polo, 152/I;PI;Bientina;56031;17000;0587 489261, 0587 488750;;info@termoidraulicaverrilli.it;;https://www.paginegialle.it/termoidraulica-termoassistenza-verrilli-bientina-pontedera-pi
fotovoltaico;;Clima Casa Carniel;Via Prato della Valle, 1/3/5/7;TV;Povegliano;31050;66130;0422 776013;;info@climacasa.net;http://www.climacasacarniel.com;https://www.paginegialle.it/clima-casa-carniel-povegliano-tv
fotovoltaico;;Pozzobon Impianti Elettrici Srl;Via Domenico Quirini, 3;TV;Istrana;31036;44750;0422 832605, 348 2254071;348 2254071;info@pozzobonimpiantisrl.com;http://www.pozzobonimpiantisrl.com;https://www.paginegialle.it/pozzobon-impianti-elettrici-istrana-tv
fotovoltaico;;Dca Impianti di De Gioia Girolama;Via Spadolini Giovanni, 48/A;BA;Molfetta;70056;52180;347 2688725;347 2688725;dca.impianti@libero.it;https://www.dcaimpianti.it;https://www.paginegialle.it/impianti-fotovoltaici-molfetta
fotovoltaico;;I.E.C.I.A.M. 1998 New Generation;Via degli Artigiani, 1;UD;Villa Santina;33029;91240;0433 750578;;ieciam.1998@gmail.com;https://www.ieciam1998.it;https://www.paginegialle.it/ieciam1998newgeneration
fotovoltaico;;Falco Pasquale;Via XI Febbraio, 18;LE;Tuglie;73058;86640;349 2661179, 349 8484027, 0833 597325;349 2661179, 349 8484027;impiantielettrici@falcoimpianti.it;;https://www.paginegialle.it/impianti-elettrici-pasquale-falco-tuglie
fotovoltaico;;Calorservice Snc;Via Statale, 11;AT;Castell'Alfero;14033;26700;335 5290805, 0141 296030;335 5290805;calor_service@libero.it;;https://www.paginegialle.it/calorservice-at
fotovoltaico;;Idrotermo  Ficulle Nedo, Vanessa e Federica E C.;Via Ansedonia, 41/43;GR;Grosseto;58100;43410;0564 22111;;idrotermosnc@virgilio.it;http://www.idrotermogrosseto.it;https://www.paginegialle.it/idrotermo-grosseto
fotovoltaico;;Frat Radiatori;Contrada Imboscamento;CT;Castiglione di Sicilia;95012;28210;0942 986214, 350 1559098;350 1559098;info@fratsrl.com;http://www.fratsrl.com;https://www.paginegialle.it/radiatori-frat-castiglione-di-sicilia
fotovoltaico;;Teknostudio di Arch. Berti Giovanni;Via Nicolò Copernico, 19;VR;Verona;37135;89270;045 585170, 335 5632606;335 5632606;teknostudio.g@gmail.com;https://www.facebook.com/tksberti/?locale=it_IT;https://www.paginegialle.it/teknostudio-di-arch-berti-giovanni-verona
fotovoltaico;;Facilefficientare;Viale Paolo Borsellino, SNC;CS;Cosenza;87100;34450;045 2065822;;;https://www.gibbsenergia.it/facilefficientare.php;https://www.paginegialle.it/facilefficienteare-impianti-solari-cs
fotovoltaico;;Green e Co.;Via San Pasquale, 17;SA;Roccapiemonte;84086;69850;328 7478871;328 7478871;greencompany24@gmail.com;;https://www.paginegialle.it/green-and-co-srl-fotovoltaico-e-microeolico-roccapiemonte-sa
fotovoltaico;;Savesystems - Progetti impianti solari e fotovoltaici;Via Rosario Livatino, 22;SA;Castel San Giorgio;84083;27800;081 9536025;;;https://www.savesystems.eu;https://www.paginegialle.it/savesystems-impianti-solari-e-fotovoltaici-castel-san-giorgio-sa
fotovoltaico;;Impresa Alberto Tomasetta - Impianti Elettrici e Illuminazione Pubblica;Via Fratelli Urciuoli, 8;AV;Avellino;83100;14160;0825 39917;;info@tomasetta.it;https://www.tomasetta.it/;https://www.paginegialle.it/impresa-alberto-tomasetta-av
installatore solare;;New Calor di Faccia Ivan - Riello Installatore Amico;Via Cuneo, 22;CN;Borgo San Dalmazzo;12011;18250;0171 268425;0171 268425;new.calor@libero.it;https://www.newcalor.com/;https://www.paginegialle.it/newcalor
installatore solare;;Bochet Srl - Installatore Impianti Idraulici;Via della Libertà, 68;AO;Saint-Pierre;11010;71810;0165 904045;;davide.bochet@bochet.it;https://www.installazioneimpiantibochet.it;https://www.paginegialle.it/bochet-impianti-idraulici
installatore solare;;L' Installatore di Arras Salvatore;Largo Palau Vecchio, 19;SS;Palau;07020;60230;339 6372145;339 6372145;linstallatore@tiscali.it;https://www.linstallatorepalau.it/;https://www.paginegialle.it/linstallatore-palau
installatore solare;;P&G Progetti e Servizi;Via di Villa Claudia, 1/E;RM;Anzio;00042;12660;06 9864271, 340 0069905;340 0069905;progetti.servizi@virgilio.it;https://www.pegprogettieservizi.it;https://www.paginegialle.it/pegprogettieservizi
installatore solare;;Raffatherm;Via Enrico De Marinis, 16;SA;Cava de' Tirreni;84013;28700;320 6989952;320 6989952;;https://raffathermdilodatoraffaele.com/;https://www.paginegialle.it/raffatherm
installatore solare;;Vergani impianti elettrici condizionamento fotovoltaici;Via Porta Mugnaia, 38;MB;Biassono;20853;16890;338 6286564;338 6286564;impiantivergani@libero.it;https://www.verganiimpianti.com;https://www.paginegialle.it/verganiimpianti
installatore solare;;Termo Sud  Impianti di Riscaldamento e Climatizzazione;Via Baratta Silvio, 119;SA;Salerno;84134;72060;089 791708, 335 7433954;335 7433954;termosud27@libero.it;https://www.termosud.com;https://www.paginegialle.it/termo-sud-srl-impianti-di-riscaldamento-e-condizionamento
installatore solare;;Clima Service;Via Vittorio Bachelet, 10/12;MN;Porto Mantovano;46047;65880;0376 390109;;info@climaservicesnc.eu;http://www.climaservicesnc.eu;https://www.paginegialle.it/climaservice
installatore solare;;G.D.M. Impianti di Carlo Deidda;Via Sa Tanca De Saidda, Z. ind.;NU;Bolotana;08011;17530;351 9196861, 349 8082286;351 9196861, 349 8082286;carlodeiddaimpianti@gmail.com;https://www.gdmimpianti.it;https://www.paginegialle.it/gdmimpiantibolotana
installatore solare;;Termoidraulica CM;Vicolo Chiarone, 3;PC;Piacenza;29121;62620;0523 650849, 348 3617364;348 3617364;info@termoidraulicacm.it;https://www.termoidraulicacm.it;https://www.paginegialle.it/termoidraulicasalandri
installatore solare;;C.T.A. di Atteo Ciro;Via Traccia a Poggioreale, 503/505;NA;Napoli;80143;56676;081 7592779;;ctadiciroatteo@libero.it;http://www.facebook.com/aristonassistenzatecnica;https://www.paginegialle.it/cta-di-atteo-ciro-impianti-condizionamento-aria-napoli
installatore solare;;Alessandro Devalle Installatore;Via Mattalia, 8;TO;Villar Perosa;10069;91120;338 9668222;338 9668222;devalle.alessandro@alice.it;;https://www.paginegialle.it/devallealessandroinstallatore
installatore solare;;Bongiovanni V. e Co.;Via Verdi, 58;EN;Pietraperzia;94016;63360;0934 631597, 331 7515627, 333 6982936;331 7515627;bongiovanniveco@gmail.com;https://www.impiantibongiovanni.com;https://www.paginegialle.it/bongiovanniveco
installatore solare;;F.lli Mauri S.r.l.;Via Enrico Fermi, 1;MB;Vimercate;20871;91450;039 668526;;info@elettromauri.it, amministrazione@elettromauri.it;https://www.fllimauriimpiantielettrici.it;https://www.paginegialle.it/impianti-elettrici-flli-mauri-vimercate
installatore solare;;Futura Gas Assistenza e Vendita Caldaie a Gas;Viale Crotone, 68;CZ;Catanzaro Lido;88100;28610;0961 541063, 334 1684421, 339 5262104;334 1684421, 339 5262104;futuragassrl@gmail.com;https://www.futuragassrl.it;https://www.paginegialle.it/futuragassrl
installatore solare;;Galizia Assistenza;Via Alcide De Gasperi, 4;BR;San Michele Salentino;72018;76050;0831 961574, 366 1102688;366 1102688;galiziassistenza@gmail.com;https://galiziassistenza.it/;https://www.paginegialle.it/galiziassistenza
installatore solare;;Centro Assistenza Valerio;Via Loreto Balatelle, 179;CT;Balatelle;95024;10260;095 601344, 347 0031926;347 0031926;valerio.srl@tiscali.it;;https://www.paginegialle.it/condizionamento-aria-impianti-valerio-srl-ct
installatore solare;;Verzella Claudio Termoidraulica;Corso 25 Aprile, 15;VC;Santhià;13048;77780;0161 94182, 335 7043906;;amministrazione@verzellaclaudio.it;http://www.verzellaclaudio.it;https://www.paginegialle.it/verzella-impianti-vc
installatore solare;;Soviero Clima;Via Cimitile, 24;NA;Nola;80035;57390;081 8214294, 334 2364803;081 8214294;sovieroclima@libero.it;http://www.sovieroclima.com/;https://www.paginegialle.it/sovieroclimanola
installatore solare;;Vmwrapping;Ss113, km 309;PA;Partinico;90047;61010;388 4417971;388 4417971;vmwrapping@libero.it;https://www.vmwrapping.com;https://www.paginegialle.it/vmwrapping
installatore solare;;Clima Center di Vito Campobasso;Via Ettore Carafa, 6/B;BA;Adelfia;70010;10500;080 4592463, 338 4478101;338 4478101;assistenza@climacenter.campobasso.it;;https://www.paginegialle.it/climacenter-adelfia-ba
installatore solare;;Expert Gas;Corso Europa, 369;NA;Melito di Napoli;80017;50790;392 7431161, 081 7117207, 340 2405707;392 7431161, 340 2405707;expertgas@libero.it;http://www.expertgas.it/;https://www.paginegialle.it/expertgasnapoli
installatore solare;;Finart;Viale Ofanto, 23;BA;Corato;70033;33690;328 4875173;328 4875173;info@finartserramenti.it;http://www.finartserramenti.it/area-progettisti/#;https://www.paginegialle.it/infissi-finart-corato
installatore solare;;Climatic;Via Apollo XI, 11;VR;San Giovanni Lupatoto;37057;74790;045 8753077;;info@climaticverona.it;https://www.climaticsrl.it;https://www.paginegialle.it/www-climaticverona-it
installatore solare;;New Glass Como;Via Francesco Petrarca, 14;CO;Cadorago;22071;20470;346 6896450;346 6896450;newglasscomo@gmail.com;http://www.newglasscomo.it;https://www.paginegialle.it/newglasscomo
installatore solare;;Iti klima srl;Via del Commercio, 28;LO;San Martino in Strada;26817;75780;0371 432352, 0371 431482;;info@itiklima.it;https://www.itiklima.it;https://www.paginegialle.it/itiklima
installatore solare;;Solima Green;Via Riccardo Misasi, 101/A;CS;Cosenza;87100;34450;0984 23302, 349 1984458;349 1984458;solimagreen@gmail.com;https://www.solimagreen.it;https://www.paginegialle.it/solimagreencs
installatore solare;;Pulizie Caldaie Brv Service;Via Cal Nova, 32/A;TV;Farra di Soligo;31010;37690;0438 801456;;bressanvalerio@libero.it;https://www.brvservice.it;https://www.paginegialle.it/brvservicepuliziacaldaie
installatore solare;;Tecnico Impianti;Via Guglielmo Marconi, 19;CS;Fagnano Castello;87013;37350;349 0707121;349 0707121;tecnicoimpianti@hotmail.com;;https://www.paginegialle.it/termicoimpianti-impianti-di-condizionamento-cs
installatore solare;;Elettrotermica dall'Ora;Via Preite, 33;VR;Garda;37016;41080;045 7255474;;info@dallora.it;http://www.dallora.it;https://www.paginegialle.it/elettrotermicadallora
installatore solare;;Solar Control System di Garau Fabrizio;Via Giuseppe Mazzini, 33;SU;Villacidro;09039;90340;333 2200932;333 2200932;solarcontrolsystem@gmail.com;https://www.solarcontrolsystem.com;https://www.paginegialle.it/solarcontrolsystem
installatore solare;;Lux Tecnology imp. condizionamento e riscaldamento;Via Venezia, 75;CL;Gela;93012;41440;0933 908455, 345 0894735;345 0894735;alberto.brigadeci@luxtecnology.it;https://www.luxtecnology.it/;https://www.paginegialle.it/luxtecnology
installatore solare;;Lara Impianti Termoidraulici Condizionatori e Assistenza Caldaie;Via delle Pinete, 139;RM;Ardea;00040;13110;329 6292956, 06 9177273, 329 6292972;329 6292956;info@laraimpianti.it;https://www.assistenzacaldaieardea.it;https://www.paginegialle.it/laraimpianti
installatore solare;;Solar 2000;Corso San Giovanni, 928;NA;Napoli;80146;56676;081 479411, 335 6124617;335 6124617;solar2000@solar2000.it;http://www.solar2000.it;https://www.paginegialle.it/solar2000srlnapoli
installatore solare;;Purissima;Viale Giotto, 126;FG;Foggia;71122;38770;393 8150497;393 8150497;purissima@libero.it;https://purissimasrl.it/;https://www.paginegialle.it/purissimasrl-foggia
installatore solare;;Solaris Films;Via Giacomo Brodolini, 8;FI;Figline e Incisa Valdarno;50063;11223;055 9107621;;info@solarisfilms.it;https://www.solarisfilms.it/;https://www.paginegialle.it/solarisfilms
installatore solare;;DM Climatizzatori e Caldaie;Via Cavalier Antonio Terzago, 23;VC;Bianzè;13041;16870;351 6271879;351 6271879;dmantovani218@gmail.com;https://g.co/kgs/kFPKivz;https://www.paginegialle.it/dm-climatizzatori-davide-mantovani-bianze-vc
installatore solare;;Arteidro;Via Nino Bixio, 10/A;BO;Imola;40026;44140;0542 24341, 0546 614022;;info@arteidro.it;https://www.arteidro.it;https://www.paginegialle.it/arteidro
installatore solare;;Mugedile;Via dei Ponti, 18/20;FI;Borgo San Lorenzo;50032;18280;055 8495405;;info@mugedile.com;https://www.caldaiemugello.it;https://www.paginegialle.it/termoidraulica-mugedile-borgo-san-lorenzo
installatore solare;;C.O.P. Service;Via Bruno Pontecorvo, 18;RM;Guidonia Montecelio;00012;43940;0774 394003, 348 7805600;348 7805600;info@copservice.it;http://www.copservice.it/;https://www.paginegialle.it/impianti-condizionamento-cop-service-guidonia-montecelio
installatore solare;;Bianchi Clima;Via Santa Valeria, 79;MB;Seregno;20831;79630;0362 229769;;bianchi.dany79@virgilio.it;;https://www.paginegialle.it/bianchi-clima-riscaldamento-seregno
installatore solare;;Termo Elettroclima;Via Emilia Parmense;PC;Piacenza;29122;62620;333 4083771;333 4083771;isufsinella@gmail.com;https://www.termoidraulicasinella.com;https://www.paginegialle.it/termo-elettroclima-piacenza
installatore solare;;D & B srl;Via Antonio Gramsci, 39;PV;Voghera;27058;91900;388 7771144, 0383 214063, 0383 1752081, 351 6335735;351 6335735;info@assistenzadeb.it;http://www.assistenzadeb.it;https://www.paginegialle.it/assistenzadeb
installatore solare;;Filmcart;Via Fratelli Guzzini, 19;MC;Montecassiano;62010;53530;334 9718577;334 9718577;info@filmcart.it;http://www.filmcart.it;https://www.paginegialle.it/filmcartdibonfiglifabio-recanati
installatore solare;;Scuttari Fabio;Frazione St Helene, 21;AO;Sarre;11010;78090;347 4666620, 340 3876800;347 4666620, 340 3876800;scuttarifabio@gmail.com;http://www.scuttariservice.com;https://www.paginegialle.it/impianti-elettrici-scuttari-fabio-sarre
installatore solare;;Termoidraulica e Condizionamento Agriman Francesco;Via Mezzana, 21/A;VI;Barbarano Vicentino;36021;11434;347 1251934;347 1251934;francesco.agriman@gmail.com;https://www.termoidraulicaecondizionamento.it;https://www.paginegialle.it/agriman-francesco-termoidraulica
installatore solare;;Zen Uberto Elettricista;Via al Forte, 7;SO;Bormio;23032;18400;338 8867921;338 8867921;uberto.zen@libero.it;;https://www.paginegialle.it/zen-uberto-elettricista-bormio
installatore solare;;Heizungsbau;Zona Produttiva Riva di Sotto, 58;BZ;Appiano sulla Strada del Vino;39057;12752;0471 637032;;info@heizungsbau.it;https://www.facebook.com/HeizungsbauGmbH/;https://www.paginegialle.it/heizungsbau-bz
installatore solare;;Schwienbacher Harald;Kofelacker, 5;BZ;Santa Valburga;39016;86900;0473 420705, 347 7577078;347 7577078;schwienbacher.harald@rolmail.net;https://www.harald-schwienbacher.bz/it/;https://www.paginegialle.it/schwienbacher-harald
installatore solare;;Salvatore La Manno - Impianti Idraulici e Termoidraulici;Via Jacopo Tintoretto, 15;AG;Santa Margherita di Belice;92018;75420;338 1114195;338 1114195;salvatorelamanno69@gmail.com;https://www.termoidraulicasalvatorelamanno.it;https://www.paginegialle.it/salvatore-la-manno-santa-margherita-belice
installatore solare;;C.A.B.;Via Raimondo Felletti, 49;FE;Comacchio;44022;33110;0533 81013, 0533 81365;;cab_ferroni_spagoni@libero.it;https://www.cabsrl.net;https://www.paginegialle.it/assistenza-caldaie-cab-comacchio
installatore solare;;Rainer Anton e C.;Via Anderter, 6/B;BZ;Sesto;39030;80150;0474 710529;;info@heizung-sanitaer.bz;https://www.rainerantonec.it;https://www.paginegialle.it/rainer-anton-sesto-bz
installatore solare;;La Pubbliteca;Via Francesco Veracini, 11/A/B;FI;Firenze;50144;38517;055 3245609, 339 8847121;339 8847121;lapubbliteca@hotmail.com;https://www.lapubbliteca.it;https://www.paginegialle.it/insegne-luminose-la-pubbliteca-firenze
installatore solare;;Caldaie e Condizionamento Casanova;Via Guglielmo Pizzolotto, 1;TV;Montebelluna;31044;53450;348 6538798, 0423 23368;348 6538798;info@casanovaclima.it;https://www.casanovafabioclima.it;https://www.paginegialle.it/caldaie-e-condizionamento-casanova
installatore solare;;Te.Co.S. Italia;Via Cesare Sarti, 16;PR;Traversetolo;43029;85660;0521 341298, 333 8297075;333 8297075;info@tecositalia.it;http://www.tecos-italia.com;https://www.paginegialle.it/tecosit
installatore solare;;Termoidraulica Vivian Oscar;Via Sebastiano Tecchio, 59;VI;Vicenza;36100;89740;347 7596504;347 7596504;;https://www.termoidraulicavivianoscar.it/;https://www.paginegialle.it/termoidraulica-vivian-oscar
installatore solare;;Fratelli Serrangeli;Via Vanvitelli, 67;AN;Loreto;60025;47420;071 977290, 320 1133748;320 1133748;serrangeli@yahoo.it;;https://www.paginegialle.it/fratelli-serrangeli-loreto
installatore solare;;Poletti Coperture;Via della Locanda, 25;MO;Medolla;41036;50590;0535 1876081, 347 9801778;347 9801778;poletticoperture1@vodafone.it;https://pt-br.facebook.com/people/Poletti-Coperture/100067021866533/;https://www.paginegialle.it/poletti-coperture-mo
installatore solare;;Antonio Perta Elettricista Idraulico Condizionamento;Via Edmondo De Amicis, 7;PN;Maniago;33085;48971;347 3215759;347 3215759;pertaimpianti@live.it;https://www.pertaimpianti.it/;https://www.paginegialle.it/impiantipertaantonio
installatore solare;;Corazza Claudio;Vicolo I Via Vicenza, 10;VE;Jesolo;30016;44850;338 6213782, 0421 972309;338 6213782;corazzaimpianti@ymail.com;https://www.corazzaclaudio.it/;https://www.paginegialle.it/corazza-claudio-impianti-idraulici-e-termoidraulici
installatore solare;;S.I.E. di Laico Giuseppe Elettricista;Via dell'Annunciazione, 25;BA;Gravina in Puglia;70024;43080;080 3261167, 339 5911908;339 5911908;sie.laico@tiscali.it;https://www.impiantisie.it;https://www.paginegialle.it/sie-laico-giuseppe-gravina-in-puglia
installatore solare;;Stiltenda;Viale Giuseppe Mazzini;GE;Sestri Levante;16039;80240;0185 487396, 333 1022200;333 1022200;stiltenda@libero.it;https://www.stiltendasas.it;https://www.paginegialle.it/stiltendasas
installatore solare;;Idrotermica Ciucci;Via dei Monasteri, 1;RM;Subiaco;00028;82690;0774 84028;0774 84028;info@bassoconsumo.com;https://www.idrotermicaciucci.com;https://www.paginegialle.it/idrotermicaciucci
installatore solare;;Imit - Impianti, Caldaie, Climatizzatori e Ristrutturazioni;Via Solito, 6;TA;Taranto;74121;83170;099 7383315;099 7383315;imit_taranto@alice.it;http://www.imittaranto.it;https://www.paginegialle.it/imittaranto
installatore solare;;2 Emme;Via Costa Andrea, 27;VA;Busto Arsizio;21052;20270;0331 679521;;amministrazione@2emmeonline.com;http://www.2emmeonline.com/climatizzazione.aspx;https://www.paginegialle.it/2emmesrl-va
installatore solare;;Vaillant Service Plus - Green Service;Via Emilia Goggi Marcovaldi, 26/28/32;PO;Prato;59100;66560;0574 597232;;info@greenserviceprato.it;https://www.assistenzacaldaie-prato.com;https://www.paginegialle.it/vaillantqualityserviceplus
installatore solare;;Installatore Autorizzato Finestre Velux Russo Sergio;Via Modigliani, 25/A;NA;Pianura;80126;56676;081 19335181, 338 2621872;338 2621872;russosergio68@gmail.com;https://www.installatorefinestrepertettinapoli.it;https://www.paginegialle.it/installatorefinestrepertettinapoli
installatore solare;;Paoletti Alfio;Via D'Ancona, 45;AN;Osimo;60027;59330;071 718081, 337 631464;337 631464;alfio.paoletti@libero.it;https://www.paolettialfio.com;https://www.paginegialle.it/paolettialfio
installatore solare;;Piraino Impianti;Viale Leonardo Bistolfi, 24/26;AL;Casale Monferrato;15033;24830;339 2257934, 348 6247695;339 2257934;info@pirainoimpianti.it;http://www.pirainoimpianti.it;https://www.paginegialle.it/pirainoimpianti
installatore solare;;Saris Srl;Via Pontevigodarzere, 174;PD;Padova;35133;59960;049 702020, 339 7254207;339 7254207;sarissrl18@gmail.com;https://www.sariscaldaie.com;https://www.paginegialle.it/saris-srl
installatore solare;;Podetti Franco E C.;Via della Fantoma, 4;TN;Commezzadura;38020;33230;335 7033745;335 7033745;francopodetti@libero.it;;https://www.paginegialle.it/idraulicopodetti
installatore solare;;Hydros;Via Corbetta, 25;PV;Vigevano;27029;89960;338 5664850;338 5664850;hydros.cora@gmail.com;https://www.hydroscoraimpianti.it;https://www.paginegialle.it/hydroscora
installatore solare;;Stella Group s.p.a.;Via Antonio Bellucci, 16;TV;Soligo;31010;37690;0438 906111;;info@stelbi.com;https://stelbi.it/;https://www.paginegialle.it/idrosanitari-stelbi-spa-farra-di-soligo
installatore solare;;Chini Flavio Impianti Termosanitari;Via Arizona, 17;TN;Predaia;38012;11349;349 7669722;349 7669722;chiniflavio@yahoo.it;https://www.facebook.com/profile.php?id=61559954897201;https://www.paginegialle.it/chiniflavioimpiantiidraulici
installatore solare;;Climanet;Piazza Carnaro, 28;RM;Roma;00141;70464;340 5835685, 06 87195703;340 5835685;info@climanetonline.com;https://www.climanetonline.it/;https://www.paginegialle.it/climanet-rm
installatore solare;;Cacioppo Ricambi;Via San Michele, 56;TP;Marsala;91025;49720;0923 713811, 392 3507143;392 3507143;caciopporicambi@libero.it;https://www.caciopporicambi.it;https://www.paginegialle.it/cacioppo-ricambi-marsala-tp
installatore solare;;Final Tech;Via Bragna, 3;AT;Piano;14057;44510;393 9402593;393 9402593;info@final-tech.it;https://www.final-tech.eu/;https://www.paginegialle.it/final-tech-isola-di-asti
installatore solare;;Santori Marco;Via Pontinia, 52;LT;Latina;04100;45640;0773 690162, 320 9221830;320 9221830;info@santorimarcosrl.it;https://www.santorimarcosrl.it/;https://www.paginegialle.it/santorimarcoclimattivo
installatore solare;;Voltaico  Installazione Pannelli Fotovoltaici e Impianti Climatizzazione-;Via Ernesto di Marino, 40;SA;Cava de' Tirreni;84013;28700;339 2733077;339 2733077;voltaico2010@libero.it;https://www.voltaicosrl.com;https://www.paginegialle.it/voltaico
installatore solare;;Gruppo SMED di Nalin Stefano;Via Concadalbero, 21/B;PD;Correzzola;35020;34090;049 9760276, 328 7893519, 338 6584811;338 6584811;info@grupposmed.it;https://www.grupposmedpadova.it;https://www.paginegialle.it/gruppo-smed-nalin-correzzola
installatore solare;;Idroidea Forniture Termoidrauliche;Via Trionfale, 71/B;RM;Roma;00136;70464;06 39731605, 329 9578562;329 9578562;idroidea1@libero.it;https://www.idroideasrl.com;https://www.paginegialle.it/idroideafornituretermoidrauliche
installatore solare;;Forniture Idrauliche Pdd;Via Lecce, 56;LE;Maglie;73024;48390;329 2809880, 0836 427846;329 2809880;info@pddmaglie.it;https://www.arredobagnopdd.com/;https://www.paginegialle.it/idrotermopdd
installatore solare;;Pernorio Termotecnica;Via Bonini, 17;SV;Savona;17100;78470;019 861701, 348 7115072;348 7115072;pernorio.leo@libero.it;https://www.pernorioriscaldamento.it;https://www.paginegialle.it/pernorioriscaldamento
installatore solare;;Sole Sud;Via Gorizia, 18;NA;Pomigliano d'Arco;80038;65010;081 8841807, 333 7838276;333 7838276;solesudimpianti@libero.it;https://www.solesudsrl.it;https://www.paginegialle.it/assistenzacaldaie
installatore solare;;Termoidraulica Scruzzi Danilo snc;Piazza Don Domenico Zannier , 2  - Frazione Casasola;UD;Majano;33030;48490;0432 959654;;termoidraulicascruzzi@gmail.com;https://www.termoidraulicascruzzi.it;https://www.paginegialle.it/termoidraulicascruzzi
installatore solare;;Calor House S.r.l. Vaillant Service Plus;Via Mario Tradardi, 12;AQ;L'Aquila;67100;45435;348 2341180, 0862 318345, 0862 318347;348 2341180;amministrazione@calorhouse.com;http://www.calorhouse.com;https://www.paginegialle.it/calorhouse
installatore solare;;Zamagni Impianti;Via Perticari, 3;FC;Gambettola;47035;40950;0547 53435;;zamagnimpianti@libero.it;;https://www.paginegialle.it/zamagniimpiantisrlgambettola
installatore solare;;Robert;Zona Artigianale, 34;BZ;Varna;39040;88490;0472 833594;;info@robert-gmbh.it;http://www.robert-gmbh.it;https://www.paginegialle.it/robertleitner
installatore solare;;La Termotecnica;Via Roma, 323;VE;Spinea;30038;82020;041 5413391;;info@latermotecnica.eu;;https://www.paginegialle.it/riscaldamento-la-termotecnica-spinea-ve
installatore solare;;Giemme Calor;Via Cabagni Baccini, 8;IM;Ventimiglia;18039;88940;0184 250841;;giemmecalor@libero.it;https://www.giemmecalor.com/;https://www.paginegialle.it/giemmecalorriscaldamentoclimatizzazioneventimigliaim
installatore solare;;Fantoni Servizi Energetici;Via Giovanni Pascoli, 63;RO;Rovigo;45100;71380;0425 29370, 0425 422505;;info@fantonisrl.it;http://www.fantonisrl.it;https://www.paginegialle.it/fantoni-ro
installatore solare;;Ditta Delvis Zanetti;Strada Due Castagne, 25;PR;Parma;43124;60930;347 3808043;347 3808043;delvis.zanetti@gmail.com;https://www.dittazanettidelvis.it;https://www.paginegialle.it/delvis-zanetti-impianti-idraulici-parma
installatore solare;;Centro Tende;Via Piave, 33;SV;Vado Ligure;17047;87210;019 806862;;centrotende@libero.it;https://www.centrotendesavona.com;https://www.paginegialle.it/centrotendesavona
installatore solare;;Tecno Press;Via del Lazzaretto, 13;BS;Sabbio Chiese;25070;71640;0365 85464, 335 5382776;335 5382776;info@tecnopress.net;;https://www.paginegialle.it/tecnopress
installatore solare;;Ingegneria Fotovoltaica;Via Appia Nuova, 33;RM;Ciampino;00043;31205;06 79340189;;info@ingegneriafotovoltaica.com;https://www.ingegneriafotovoltaica.com/;https://www.paginegialle.it/energia-elettrica-mp-engineering-ciampino
installatore solare;;Termoidraulica Fratelli Pollastri;Via Piave, 1;MI;Carugate;20061;24520;02 9252126;;info@termopol.it;https://www.termoidraulicapollastri.com;https://www.paginegialle.it/termoidraulicadeifratellipollastri
installatore solare;;Domus Point;Via Massa Zefiro, 349;IM;Sanremo;18038;77740;0184 591850, 339 8568323;339 8568323;info@domuspoint.it;http://www.domuspoint.it;https://www.paginegialle.it/domus-point-tendedasole-sanremo-im
installatore solare;;Sistema Casa 360;Via Nazionale, 337;IM;Imperia;18100;44150;342 1426513;342 1426513;info@sistemacasa360.com;https://www.360sistemacasa.com;https://www.paginegialle.it/sistemacasa360
installatore solare;;Colella Energie;Via Roma, 30/E;BA;Modugno;70026;52000;392 4905892, 392 2411239;392 2411239;colellaenergie@gmail.com;https://www.colellaenergie.it;https://www.paginegialle.it/colellaenergie
installatore solare;;C.A.I.R. sas;Via Don Giovan Battista Radice, 12;VA;Saronno;21047;78080;02 9600105;;segreteria@cairservizi.it;http://www.cairservizi.it;https://www.paginegialle.it/cairsnc
installatore solare;;Clima Systems di Antonio Vacca;Via Riccardo Zandonai, 26;SS;Olbia;07026;58180;392 0153151, 393 7699984;392 0153151, 393 7699984;climasystemsolbia@gmail.com;https://www.climasystems.it;https://www.paginegialle.it/clima-systems-olbia-ss
installatore solare;;G.L. Impianti  - Leo Gontier -  Impianti Termo Idraulici Aosta;Corso Lancieri D'Aosta, 24/G;AO;Aosta;11100;12684;366 7781003, 0165 610452;366 7781003;info@leogontier.it;https://www.leogontier.com;https://www.paginegialle.it/leogontier
installatore solare;;Elettroclima - Daikin Aerotech;Via San Giuseppe, 38;PC;Piacenza;29122;62620;0523 716532;;info@elettroclimapc.it;https://www.elettroclimapc.com;https://www.paginegialle.it/elettroclimapiacenza
installatore solare;;MD Tende da sole;Via della Stampa, 26;SS;Olbia;07026;58180;340 9280020, 0789 1891278;340 9280020;info@mdsrls.com;https://www.mdoutdoor.it;https://www.paginegialle.it/md-srls
installatore solare;;Marin Angelo Arredamento per Parrucchieri;Via Lavoro, 57;PD;Vigodarzere;35010;90110;049 769241;;info@marinarredo.com;http://www.marinarredo.com;https://www.paginegialle.it/marinangelo-pd
installatore solare;;Solar Project Installazione Manutenzione Impianti Fotovoltaici Sconto 50% per Te;Via Contessa Sottana, 44;CS;Lattarico;87010;45670;328 7393247;328 7393247;solar-project@libero.it;https://www.impiantofotovoltaicocosenza.it;https://www.paginegialle.it/solarproject
installatore solare;;Termoidraulica Tocci;Via Fincati, 38;RM;Roma;00154;70464;06 5121198, 351 1420724;351 1420724;termoidraulicatocci@alice.it;https://www.termoidraulicaroma.org;https://www.paginegialle.it/termoidraulicatocci
installatore solare;;La Nuova Idraulica;Viale Mario Rapisardi, 515;CT;Catania;95123;28600;095 360945, 353 3609335;353 3609335;lanuovaidraulicact@gmail.com;https://www.lanuovaidraulica.com;https://www.paginegialle.it/lanuovaidraulica
installatore solare;;Led Impianti;Via della Chiesa, 21;PA;Santa Flavia;90017;74200;091 958002, 338 9296594;338 9296594;led.impianti2019@gmail.com;https://www.ledimpianti.net;https://www.paginegialle.it/ledimpianti-impianti-solari-pa
installatore solare;;Nbc Condizionamento;Via del Commercio e dell'Industria, 9/D;SV;Toirano;17055;84330;0182 989078, 335 8162282;335 8162282;info@nbcbissi.it, amministrazione@nbcbissi.it;https://www.nbcbissi.it;https://www.paginegialle.it/nbctoirano
installatore solare;;Ferrucci Impianti;Via Giuseppe Garibaldi, 30;CB;Campobasso;86100;21820;340 9615773;340 9615773;ferruccimpianti@libero.it;https://www.ferruccimpianti.it;https://www.paginegialle.it/ferruccimpianti
installatore solare;;Ti Emme Impianti;Via dei Mille, 41;CL;Caltanissetta;93100;21130;333 7663791, 320 9708961;333 7663791;tiemmeservice@virgilio.it;https://www.tiemmeimpianticaltanissetta.it;https://www.paginegialle.it/tiemmeimpianti
installatore solare;;Serifot;Via degli Artigiani, 60;BS;Verolavecchia;25029;89240;030 9920318;;amministrazione@serifot.it;http://www.serifot.it;https://www.paginegialle.it/serigrafia-serifot-verolavecchia
installatore solare;;Concessionaria di Faenza di Visani Elio & C. S.A.S.;Via Antonio Tamburini, 9;RA;Faenza;48018;37290;0546 634369;;info@balturfaenza.it;http://www.visanielio.it;https://www.paginegialle.it/caldaie-concessionaria-di-visani-elio-faenza
installatore solare;;Thermofuture Impianti Idraulici e Termoidraulici;Via Sant'Antonio, SNC;CE;Teano;81057;83440;329 2197867, 0823 657232;329 2197867;th2ermofuture@gmail.com;https://www.thermofutureimpianti.com;https://www.paginegialle.it/thermofuturelaenergy
installatore solare;;De Alessandri Ermes - Centro di Assistenza Tecnica Autorizzato Immergas;Via Michelangelo Buonarroti, 3;PV;Linarolo;27010;46720;0382 486034, 335 8355202;335 8355202;info@dealessandri.it;https://www.dealessandri.org;https://www.paginegialle.it/dealessandriermes
installatore solare;;Termoidraulica Toncelli;Via Pace, 72/BIS;PI;Cascina;56021;25420;377 5437777, 050 701500;377 5437777;info@toncelligiorgio.it;;https://www.paginegialle.it/toncelligiorgio
installatore solare;;G.S.C. Risclima;Via dell'Industria, 20;TV;Conegliano;31015;33440;0438 22562;;;https://www.gscrisclima.com;https://www.paginegialle.it/gsc_risclima_conegliano
installatore solare;;Termoidraulica Fioretto;Via Carciolano;VT;Fabrica di Roma;01034;37230;339 1136590, 0761 576722;339 1136590;fioretto_impianti@virgilio.it;https://www.termoidraulicafioretto.com;https://www.paginegialle.it/termoidraulicafioretto
installatore solare;;Solarea;Via Don Angelo Piccinelli, 33;BS;Orzivecchi;25030;59260;030 9465497, 340 7260984;340 7260984;sol.area@libero.it;http://www.solarea.eu;https://www.paginegialle.it/solarea-srl
installatore solare;;Cadoni Sergio;Piazza Davide Cova, 9;OR;Oristano;09170;58910;0783 299015, 329 9894997;329 9894997;cadonisergio@hotmail.com;https://www.tendedasolecadonisergio.it;https://www.paginegialle.it/cadoni-sergio
installatore solare;;Caruso Srl Impianti Fotovoltaici-Elettrici-Climatizzazione-Ferramenta;Via Mercato Nuovo, 1;CS;Amantea;87032;12090;368 7038402;368 7038402;carusotsd.srl@gmail.com;https://www.instagram.com/giampiero1771/;https://www.paginegialle.it/carusosrlimpiantifotovoltaiciferramentaclimatizzazione
installatore solare;;Energy Drive;Via Variante VII Bis, 30;NA;Nola;80035;57390;800 912926;;;https://www.energydrive.eu/;https://www.paginegialle.it/energy-drive-nola-ba
installatore solare;;F.M. Impianti;Viale del Risorgimento, 41;GR;Massa Marittima;58024;50220;335 6263128, 0566 940303;335 6263128;fm.impianti1@libero.it;https://www.facebook.com/fmartini.impianti;https://www.paginegialle.it/fmimpiantidimartiniflavio
installatore solare;;Idroservice;Via Raffaele De Peppo, 21;FG;Lucera;71036;47620;329 1090544;;cretaservice90@gmail.com;;https://www.paginegialle.it/idroservicecreta
installatore solare;;Luchena Impianti;Via Maria Ausiliatrice, 53;LE;Corigliano d'Otranto;73022;33860;339 7372945;339 7372945;info@luchenaimpianti.it;https://www.luchenaimpianti.it/;https://www.paginegialle.it/luchena-impianti-corigliano-d-otranto-le
installatore solare;;R.B.B.;Via dei Guazzi, 21/C;AR;Poppi;52014;65620;0575 536238;;rbbinfo@rbb.it;https://www.rbbimpianti.it;https://www.paginegialle.it/rbb
installatore solare;;Squillari Lattoneria;Via Collegno, 92/A;TO;Alpignano;10091;11820;011 9677212;;info@squillarilattoneria.it;http://www.squillarilattoneria.it;https://www.paginegialle.it/lattoneria-squillari-alpignano-to
installatore solare;;ZNShine Italia;Via Montenapoleone, 8;MI;Milano;20121;51557;379 2381397;379 2381397;;https://www.znshineitalia.it;https://www.paginegialle.it/znshinemilano
installatore solare;;Termoidraulica Zini;Via Zarlati, 83;MO;Modena;41126;51960;059 332818;;info@zinisrl.it;https://www.zinisrl.net/;https://www.paginegialle.it/termoidraulicazini
installatore solare;;Idro Termo Energy Sas;Via Risso, 24;TO;Pinerolo;10064;63820;328 6339756, 0121 326832;328 6339756;idrotermoenergysas@gmail.com;https://www.idro-termo-energy.com;https://www.paginegialle.it/idro-termo-energy
installatore solare;;Idrofactory;Via Telfiro Tarchi, 15;AR;Montevarchi;52025;55210;338 7138418, 328 4239065;338 7138418, 328 4239065;idrofactory@gmail.com;https://www.idrofactorysrl.it;https://www.paginegialle.it/idrofactory
installatore solare;;S.E.T. Sistemi Elettrici Tecnologici;Via Villa di Napoli, 13/A;PA;Palermo;90129;60352;375 6510775, 091 6529043;375 6510775;info@impiantiset.com;http://www.impiantiset.com/antincendio.html;https://www.paginegialle.it/s-e-t
installatore solare;;Idraulica B.F.R.;Via Genova, 47;AR;Arezzo;52100;13190;0575 354724;;bfridraulica@gmail.com;http://www.bfridraulica.it;https://www.paginegialle.it/bfridraulica
installatore solare;;Idroedilservice;Via Scala di Giuda, 85;RC;Reggio di Calabria;89127;68148;0965 1640130;;idroedilsevice16@libero.it;http://www.idroedilservice.it;https://www.paginegialle.it/idroedil-service-reggio-calabria
installatore solare;;Tecnoidraulica Trimboli Alberto;Via dell'Olivara, 157;LI;Fattoria del Pino;57128;46910;393 9170560;393 9170560;tecnoidraulica@msn.com;;https://www.paginegialle.it/tecnoidraulicatrimboli
installatore solare;;M.A.D.E.F.;Via Campora, 1;VC;Vercelli;13100;89040;0161 700135, 328 6574371;328 6574371;commerciale.madef@gmail.com;http://www.impresamadef.it;https://www.paginegialle.it/impresa-edile-madef-vercelli
installatore solare;;Tenda Piu' di Maestrelli Alessandro e C.;Via Luigi Vanvitelli, 2;VR;Verona;37138;89270;045 8326353, 388 0542510;388 0542510;tendapiuprotezioni@gmail.com;;https://www.paginegialle.it/tendapiuverona
installatore solare;;Buglione Energia;Via Roma, 129;NA;Cimitile;80030;31420;081 8237872;;buglionenergia@gmail.com;https://www.buglionenergia.it/;https://www.paginegialle.it/buglionenergia-cimitile
installatore solare;;Capizzi Angelo - Impianti Idrici Condizionamento Riscaldamento;Via Puglia, 6;AG;Realmonte;92010;68000;339 5739819;339 5739819;capizziangelo@aliceposta.it;https://www.capizziangelo.it;https://www.paginegialle.it/capizziangelo
installatore solare;;Termoidraulica Massarotto;Vicolo III Cime, 19;TV;Venturali;31020;91430;0422 4444354;;info@massarottosrl.it;http://www.massarottosrl.it;https://www.paginegialle.it/massarotto-tv
installatore solare;;G  Energia  Gherlone Emilio;Via Corridoni Filippo, 7;AT;Asti;14100;13900;340 8686063;340 8686063;emilio@genergiaasti.it;;https://www.paginegialle.it/g-energia-di-gherlone-emilio
installatore solare;;Ideal Sistem Tecnologie;Via IV Novembre, 40;GO;Poggio Terzarmata;34078;71742;342 3898003;342 3898003;simonebais5@gmail.com;;https://www.paginegialle.it/ideal-sistem-tecnologie
installatore solare;;Cottali Installazioni;Via Nazionale, 107;UD;San Giovanni al Natisone;33048;74620;0432 1714842;;cottali@cottali.eu;https://www.finestrecottali.com;https://www.paginegialle.it/serramenti_porte_blindate_tende_da_sole_vetrate_cottali_udine
installatore solare;;Mar Assistenza Caldaie;Via Gioacchino Rossini, 13;GO;Monfalcone;34074;52740;0481 482303, 040 829154;;info@mar.ts.it;http://www.mar.ts.it;https://www.paginegialle.it/mar_assistenza_manutenzione_revisione_libretto_caldaie_trieste-403da150-5011-4f33-a37d-7a5fb78059b6
installatore solare;;Mar Assistenza Caldaie;Via Antonio Baiamonti, 63;TS;Trieste;34146;86294;040 829154, 0481 482303;;info@mar.ts.it;https://www.manutenzionecaldaietrieste.it;https://www.paginegialle.it/mar_assistenza_manutenzione_revisione_libretto_caldaie_trieste
installatore solare;;Termoidraulica Meraviglia Egidio S.r.l.;Via Fratelli Bandiera, 30;MI;Canegrate;20039;22450;0331 400318;;info@termoidraulicameraviglia.it;https://www.termoidraulicameraviglia.it/;https://www.paginegialle.it/termoidraulicameraviglia
installatore solare;;A.G. Termotecnica;Via 2 Giugno, 5 B;ME;Patti;98066;61240;339 3124553, 0941 328623;339 3124553;agtermotecnica@gmail.com;;https://www.paginegialle.it/agtermotecnica
installatore solare;;Dmd Orologi;Via Valence, 18;AT;Asti;14100;13900;368 218822, 0141 324323, 331 5223371;368 218822, 331 5223371;dmdorologeriaindustriale@gmail.com;http://www.dmdorologeriaindustriale.com;https://www.paginegialle.it/orologeria-industriale-dmd-asti
installatore solare;;Ala Rinnovabili & Agricoltura S.r.l.;Via Marsala, 285;TP;Mazara del Vallo;91026;50420;328 4949404;328 4949404;rinnovabili@gruppoala.it;https://www.gruppoala.com;https://www.paginegialle.it/ala-rinnovabili-agricoltura-s-r-l-mazara-del-vallo
installatore solare;;Alberto Innov.Attività - Favout;Stradale Torre Pellice, 57;TO;Bricherasio;10060;19280;0121 59690, 331 3745863;331 3745863;alberto_riccardo@libero.it;https://www.albertoinnovattivita.com;https://www.paginegialle.it/alberto-innov-attivita-favout-bricherasio-to
installatore solare;;Fotoenergetico Srls;Via Logudoro, snc;CA;Cagliari;09127;20524;388 3084749;388 3084749;;https://www.fotoenergetico.com;https://www.paginegialle.it/fotoenergeticosrls-cagliari
